seller,nome,reviews_rating,reviews_total,old_money,new_money
,Notebook Positivo Master N250i Core I5 8gb Ram 240gb Ssd,,,1.390,77
Por INPOWER ,Notebook Acer Nitro V15 ANV15-51-58AZ Core I5-13420h 8gb 512gb Rtx 3050 Cor Preto,4.8,(1410),7.399,4.654
Por 123 Comprou ,"Notebook Positivo Vision Intel Core i3 8gb RAM 256gb Ssd Tela 15.6"" Full Hd Linux - Preto",4.6,(176),3.212,2.024
Por Acer Brasil ,Notebook Aspire GO 15 Ag15-71p-5405 Ci5 16gb 512gb Ssd Led Linux Acer,5.0,(1),4.932,2.999
Por Eshop ,"Notebook Lenovo Ideapad 1 Intel Core i3 1215U 8GB RAM 256GB SSD Windows 11 Home Tela 15,6"" 82VY000SBR",4.8,(5909),3.699,2.583
Por Vikings ,Notebook Acer Aspire 5 A515-45-r0xr Ryzen7 8gb 256gb Ssd 15.6 Full Hd Linux Gutta,4.8,(862),4.141,2.753
Por Positivo ,Notebook Positivo Vision C15 Lumina Bar Celeron 4gb 128gb Emmc Tela 15 Hd Antirreflexo Windows 11 Tecla Link Cinza,4.6,(3602),1.999,1.499
Por Acer Brasil ,"Notebook Gamer Acer Nitro V ANV15-51-57WS Intel® Core™ i5-13420H 13ªGeração 512SSD 8GB Nvidia® GeForce® RTX 3050 GDDR6 Linux Gutta 15,6'",4.8,(3527),5.299,4.699
Por Mercado Livre ,"Notebook Acer Aspire 3 Intel Core I3 - N305, 8G RAM, 256GB SSD, Windows 11 Home, Tela 15,6"" Full HD - A315-510P-34XC 110V/220V",4.8,(9240),3.682,2.599
Por Dell ,Notebook Dell Inspiron I15-i120k-a25p I5 8gb 512gb 15.6 W11,4.8,(2074),3.698,3.370
Por Vikings ,Notebook Acer Gamer Nitro V15 Intel Core i7 13ª Ger. 32GB 512SSD RTX3050 com 6GB GDDR6 Nvidia GeForce Linux Gutta ANV15-51-73BP,4.9,(195),8.998,5.983
Por Acer Brasil ,Notebook Gamer Acer Nitro V Intel Core i7 13ª Geração 16GB 512GB RTX4050 Linux Gutta 15.6' FHD ANV15-51-7037,4.8,(2034),7.299,6.099
Por Acer Brasil ,Notebook Acer Nitro 51uz Ci5 13ªg 16gb Ram 512ssd Rtx4050,5.0,(1),6.999,5.199
Por Acer Brasil ,"Notebook Gamer Acer Nitro V Intel Core I5 - 13420H, 8GB Ram, 512GB SSD, NVIDIA RTX4050, Windows 11 Home, Tela 15,6"" Full HD - ANV15-51-54DL",4.8,(1518),7.299,5.499
Por Vikings ,Notebook Acer Vero AV15-53P-72JT Intel Core i7 – 1355U 13ªG 16GB 512GB SSD W11 15.6”,5.0,(2),6.284,3.871
Por Carrefour ,"Notebook Multi Ultra Celeron N4020c 4gb 128gb W11 15,6'' Cinza - Ub261",4.5,(462),1.999,1.384
Por Asus ,"Notebook Asus Vivobook 15 X1504va Intel Core I5 1334u 8gb Ram 512gb Ssd Intel Iris Xe Windows 11 Home Tela 15,6 Fhd Silver - Nj1740w",4.9,(38),3.599,3.042
Por NegociuN ,"Notebook Acer Aspire 3 Intel Core i3– N305 FHD 15.6"" LED TN UHD para processadores Inte 256GB SDD 8GB RAM Debian 64 bits Prata - A315-510P-320B",4.8,(451),3.410,2.514
Por Eshop ,"Notebook VAIO FE15 Intel Core i5 12ªgen 8GB 512GB SSD Tela 15,6'' Full HD Antirreflexo Linux - Cinza Grafite - VJFE54F11XB2321H",4.8,(63),4.950,2.945
Por Acer Brasil ,Notebook Gamer Predator Helios Neo / Phn16-72-74vx / Intel® Core I7-14700hx De 14ªgeração / 16gb / 512ssd / Windows 11 Home / Nvidia Geforce Rtx 4070 Gddr6 / Tela 16,4.8,(124),12.999,9.999
Por Eshop ,"Notebook Lenovo IdeaPad 1 15IAU7 Intel Core i7-1255U HD 15.6"" Intel Iris Xe 512GB SSD 12GB RAM Windows 11- 82VY000PBR",4.7,(279),5.119,3.704
Por Mobcom ,Notebook Lenovo LOQ-e 15iax9e Intel Core i5-12450hx 16gb 512gb Ssd Rtx 3050 Windows 11 15.6 - 83me0007br Luna Grey,4.9,(555),5.879,4.799
Por Positivo ,Notebook Positivo Vision C14 Lumina Bar Celeron 8gb 256gb Emmc Tela 14 Polegadas Hd Antirreflexo Linux Tecla Link - Cinza,4.5,(520),2.099,1.399
,"8 Unidades De Cadernos Em Inglês, Prática De Escrita À Mão, ",,,680,65
Por Dell ,Notebook Inspiron I15-i1300-a80p I7 16gb 1tb W11 Preto Dell,,,5.398,4.899
Por Mercado Livre ,"Notebook ASUS Vivobook Go 15 E1504 AMD RYZEN 5 7520U 8GB Ram 256GB SSD Linux KeepOS 15,6” FHD Black E1504FA-NJ731",4.8,(996),2.802,2.527
Por 123 Comprou ,Notebook Multi Ultra Celeron N4020c 4gb 128gb W11 14'' Cinza,4.6,(606),2.064,1.277
Por 2Eletro ,Notebook Hp 250r G9 Intel Core I5 1335u 8gb 256gb Ssd 15.6 W11 Pro Ay6w3la,4.1,(18),4.999,3.054
Por Mercado Livre ,Notebook Asus Vivobook Go Core I3 N305 4gb 256ssd W11 Fhd,4.7,(645),2.599,2.399
,Laptop Dell Latitude 3540 Intel I7-1355u 16gb 512 Gb Nvme M2 Cinza-escuro 16gb (Recondicionado),,,3.789,180
Por Dell ,Notebook Dell Inspiron I15-i120k-a35p I5 16gb 1tb 15.6 W11,4.8,(2245),4.517,215
Por Asus ,"Notebook Asus Vivobook Go 15 E1504fa Amd Ryzen 5 7520u 16gb Ram 512gb Ssd Linux Keepos Tela 15,6 Led Fhd Black - Nj1288",4.8,(380),3.299,2.613
Por Asus ,"Notebook Asus Vivobook Go 15 E1504fa Amd Ryzen 5 7520u 4gb Ram 256gb Ssd Linux Keepos Tela 15,6 Fhd Black - Nj1287",4.6,(136),2.199,1.820
,Recargas Práticas De Notebook De Folhas Soltas E Planas De 4,,,682,65
Por Mercado Livre ,"Notebook ASUS TUF Gaming F15 Intel Core i7 13620H RTX4060 16GB RAM 512GB SSD Windows 11 Home Tela 165Hz Nivel IPS 15,6"" FHD Mecha Gray - FX507VV-HQ333W",4.8,(25),11.499,9.899
,Notebook Vaio Fe15 Amd Ryzen 5 8gb Ram 256gb Windows 11 Home Cor Cinza,4.8,(84),3.563,2.849
Por Eshop ,"Notebook Vaio Fe15 - Intel Core I3 12th, 8gb 256gb Ssd, Tela 15,6'' Full Hd Antirreflexo, Linux - Vjfe54f11x-b0921h - Cinza Grafite",4.7,(15),3.900,2.499
Por Dell ,Notebook Dell Inspiron I15-i3100-a15p Core 3 8gb 512gb W11 Preto,,,2.949,140
Por TCN ,"Notebook Lenovo Ideapad 1i Intel Core I3 - 1215U, 4GB RAM, 256GB SSD, Windows 11 Home, Tela 15.6'' - 82VY000TBR Cor cinza",4.8,(1536),3.190,2.289
Por Eshop ,"Notebook Vaio fe16 amd ryzen 5-5625u linux 12gb 512gb ssd tela 16"" ips wuxga antirreflexo cinza grafite vjfe69f11x-b1211h memória expansível até 64gb",4.8,(42),3.849,3.069
Por Acer Brasil ,Notebook Acer Aspire 15 Ag15-51p-39mu Ci3 8gb 256gb Ssd Led Ips W11,5.0,(1),4.004,2.699
,"4 Unidades De Cadernos Em Inglês, Prática De Escrita À Mão, ",,,385,37
,Caderno Prático De Folhas Soltas E Planas De 150 Peças Para ,,,342,33
,"2 Peças De Mini Bloco De Notas Prático, Caderno, Material Es",,,191,
Por 2Eletro ,"Notebook Samsung Book4 I5-1335u 8gb 256gb Ssd 15,6 Full Hd Windows 11 Pro Np754xgj-kg5br 110v/220v",4.8,(74),4.398,3.899
Por Asus ,Notebook Asus Vivobook S14 S3407va Intel Core I7 13620h 16gb Ram 512gb Ssd Windows 11 Tela 14 Led Fhd Silver - Ly043w,,,5.999,5.045
Por Positivo ,Notebook VAIO FE16 AMD Ryzen 5-5625U Windows 11 Home 16GB RAM 512GB SSD Wi-Fi 6 Tela 16” IPS Full HD WUXGA Antirreflexo Cinza Grafite Vjfe69f11xb0721h - Permite upgrade de memória RAM e SSD,5.0,(1),4.887,3.849
Por Eshop ,Notebook Acer Aspire 5 15.6 Fhd I5-12450h 256gb Ssd 8gb Cor Cinza,4.6,(126),3.990,3.075
Por Dell ,"Notebook Inspiron I16-U7155H-A10 16"" prateado 16GB de Ram - 1TB SSD - Intel Core Ultra 7",5.0,(4),9.999,476
Por 123 Comprou ,"Notebook Positivo Vision Intel Core i3 8gb RAM 256gb Ssd Tela 15.6"" Full Hd Linux - Preto",4.6,(176),3.212,2.024
Por NegociuN ,"Notebook Vaio Fe15 Amd Ryzen 5 12gb 512gb Ssd, Tela 15,6'' Full Hd Antirreflexo, Windows 11 Home, Cinza Grafite",4.8,(441),3.670,2.984
Por INPOWER ,"Notebook Gamer Acer Nitro V15 - 15.6 144hz Ips, Intel Core I7 13620h (13ª Geração) 4.90ghz, Nvidia Geforce Rtx 3050 6gb Gddr6, 8gb Ram Ddr5, 512gb Ssd Pcie 4.0 Nvme, Áudio Dts, Preto - Anv15-51-7837",5.0,(48),5.899,4.987
Por Eshop ,"Notebook Gamer Acer Nitro V15 - 15.6 144hz Ips, Intel Core I7 13620h (13ª Geração) 4.90ghz, Nvidia Geforce Rtx 3050 6gb Gddr6, 8gb Ram Ddr5, 512gb Ssd Pcie 4.0 Nvme, Áudio Dts, Preto - Anv15-51-7837",5.0,(48),7.419,4.939
,"A5 Reading Journal, Resenhas De Livros, Caderno, Diário",,,86,
,1 Livro De Menus Notebook Weekly Rasable Notebook Household,,,66,
Por Positivo ,"Notebook Positivo Duo 2 em 1 Intel Celeron C4128B-3 4GB 128GB 11,6"" IPS HD Windows 11",4.5,(5261),1.649,1.299
Por 2Eletro ,"Notebook Gamer Acer Nitro V15 I7-13620h 13ªGen 8gb 512gb Rtx3050 6gb Linux 15.6"" FHD Preto - Anv15-51-7837",4.5,(37),6.998,4.799
Por Dell ,Notebook Dell Inspiron I15-i120k-a15p I3 8gb 512gb 15.6 W11,4.8,(1166),2.929,139
Por 123 Comprou ,Notebook Multi Ultra Celeron N4020c 4gb 128gb W11 14'' Cinza,4.6,(606),2.064,1.277
Por Positivo ,"Notebook Positivo Vision C15 Lumina Bar Celeron, 8GB 128GB eMMC, Tela 15.6"" HD Antirreflexo, Windows 11, Tecla Link, Cinza",4.6,(1184),2.641,1.756
Por 123 Comprou ,Notebook Positivo Vision C15 Lumina Bar Celeron 8gb 128gb Emmc 15 Hd Linux - Cinza,3.7,(3),2.427,1.529
Por Samsung ,"Notebook Samsung Galaxy Book4 Intel® U300 (1.20 Ghz, até 4.4GHz, 8 MB L3 Cache), Windows 11 Home, 8GB, 256GB SSD, UHD Graphics, 15.6'' Full HD LED, 1.55kg",4.8,(8838),3.099,2.783
Por 2Eletro ,Notebook Acer Vero AV15-53P-56HM Intel® Core™ i5 – 1335U 15.6” Full HD Intel® Iris® Xe 512 GB SSD 8 GB RAM Windows 11 Home,4.9,(51),4.199,3.299
Por Vaio ,"Notebook Vaio Fe16 Amd Ryzen 7-5825u Linux 16gb RAM 512gb Ssd Wi-Fi 6 Tela 16"" Ips Wuxga Antirreflexo Cinza Grafite Vjfe69f11xb0121h - Permite upgrade de memória RAM e SSD",4.8,(106),4.799,3.299
Por Acer Brasil ,"Notebook Acer TravelMate Intel® Core™ i7–1355U de 13ª Geração 16GB RAM 512SSD Windows 11 Pro 14"" WUXGA TMP214-55-70G2",4.8,(13),7.999,4.499
Por Mercado Livre ,"Notebook TUF Gaming F16, Intel Core i7 13a geração, NVIDIA RTX™ 4050, 8GB, 512GB SSD, KeepOS, 16"" LED FHD+, Mecha Gray ASUS",,,9.499,7.299
Por Eshop ,Acer Aspire 5 15.6 Fhd I7-12650h Ssd 256gb 8gb Linux Gutta Cor Gamut,4.8,(154),4.899,3.419
,"Notebook Ddr4 Ultra Slim Fhd De 14,1 Polegadas",,,1.305,72
Por Mobcom ,Notebook Acer Aspire 5 Ryzen 7 15.6 Radeon 512gb 8gb Linux,4.8,(1105),3.428,2.999
Por Asus ,"Notebook ASUS Vivobook Go E1504GA Intel Core i3 N305 8GB Ram 512GB SSD Windows 11 Tela 15,6"" FHD Silver - NJ435W",4.9,(770),3.199,2.847
Por Carrefour ,"Notebook Vaio Fe16 Amd Ryzen 5-5625u Linux 16gb RAM 512gb Ssd Wi-Fi 6 Tela 16"" Ips Wuxga Antirreflexo - Cinza Grafite - Vjfe69f11xb0711h - Permite upgrade de memória RAM e SSD",5.0,(2),3.999,3.499
Por Acer Brasil ,Notebook Aspire Go Ag15-71p-5939 Ci5 8gb 256gb Ssd Led Tn W11 Acer,,,4.637,2.999
Por Vaio ,"Notebook Vaio Fe16 Amd Ryzen 7-5825u Linux 32gb RAM 512gb Ssd Wi-Fi 6 Tela 16"" Ips Wuxga Antirreflexo - Cinza Grafite - Vjfe69f11xb0221h - - Permite upgrade de memória RAM e SSD",4.8,(59),4.999,3.799
Por Acer Brasil ,Notebook Aspire Ag15-71pt-58sx Ci5 8gb 512gb Ssd Touch Led W11 Acer,,,5.087,3.599
,Notebook Hp Elitebook 845 G8 Ryzen 3 Pro 16gb Ram 256gb Ssd Prata (Recondicionado),5.0,(4),2.149,102
Por Loi Brasil ,Notebook Positivo Master N1250 Pentium N5030 4gb 128gb W11 Cor Cinza,4.6,(663),1.647,1.416
Por HP ,Notebook Hp 256r G9 Intel Core I3-1315u 15.6 Hd Intel Uhd Graphics 256gb Ssd 8gb Ram Windows 11 Home 64 Sl - AN1A2LA#AK4,4.8,(336),3.399,2.599
Por Loi Brasil ,"Notebook Vaio Fe16 Amd Ryzen 5-5625u Windows 11 Home 8gb RAM 256gb Ssd Wi-Fi 6 Tela 16"" Ips Wuxga Antirreflexo - Cinza Grafite - Vjfe69f11x-b0421h - Permite upgrade de memória RAM e SSD",5.0,(1),4.666,3.199
Por VIPH ,"Notebook Positivo Vision R15 Lumina Bar, Amd Ryzen 5 8gb 512gb, Tela 15 Polegadas Full Hd Antirreflexo, Linux - Preto",4.2,(5),2.769,2.599
Por NegociuN ,"Notebook Positivo Vision I15 Intel Core I3-N300 8GB 256GB SSD Windows 11 Home 15"" FHD Preto - Lumina Bar",4.7,(230),3.292,2.629
Por 123 Comprou ,Notebook VAIO FE16 AMD Ryzen 5-5625U Linux 8GB RAM 256GB SSD Wi-Fi 6 Tela 16'' IPS WUXGA Antirreflexo - Cinza Grafite - Vjfe69f11x-b0411h - Permite upgrade de memória RAM e SSD,4.8,(51),4.570,2.969
Por Loi Brasil ,Notebook Positivo Vision C Lumina Bar 4gb 128gb 14 Hd W11 Cor Cinza,4.7,(69),1.719,1.479
Por Mega Mamute ,Notebook Vaio Fe15 15.6 Fhd I3-1215u 8gb Ssd 256gb W11 Cinza,4.8,(141),4.284,2.999
Por Mercado Livre ,Notebook Asus Tuf Gaming F16 Fx607vu Rtx4050 Intel Core 5 210h 16gb Ram 512gb Ssd Windows 11 Tela Nível Ips 16 Led 144hz Gray - Rl053w,4.7,(13),9.499,7.199
Por Asus ,"Notebook ASUS Vivobook 15 M1502YA AMD Ryzen 7 5825U 16GB Ram 1TB SSD Linux KeepOS 15,6"" FHD Cool Silver - NJ613",5.0,(5),4.099,3.390
,Notebook Lenovo Thinkpad T14 G4 Core I7 13th 32gb Ram 512ssd Preto (Novo com caixa aberta),5.0,(1),6.399,4.287
,Notebook Dell Latitude 5420 I5 11° Ge 16gb Ssd 256gb W10 Pro Cinza (Recondicionado),,,2.299,109
,Notebook Lenovo T480 Core I5-8ªth 16gb Ssd 240gb Tela Hd Cor Black - Excelente (Recondicionado),,,1.829,87
Por Apple ,"Apple MacBook Air de 13"" (Meia-noite, Chip M2 da Apple com CPU de 8 núcleos, GPU de 8 núcleos e Neural Engine de 16 núcleos, Memória unificada de 16 GB, SSD de 256 GB)",,,12.499,8.999
Por Positivo ,"Notebook Positivo Vision C15 Lumina Bar Celeron, 8gb 256gb Emmc, Tela 15 Polegadas Hd Antirreflexo, Linux, Tecla Link, Cinza",4.7,(209),2.199,1.599
Por Positivo ,Notebook Positivo Vision C14 Intel® Celeron® Linux 4GB 128GB eMMC 14” HD Lumina BAR – Cinza,4.6,(4589),1.849,1.199
Por Positivo ,"Notebook Positivo Vision R15 Lumina Bar, Amd Ryzen 7 32gb 512gb, Tela 15 Polegadas Full Hd Antirreflexo, Linux - Preto",4.6,(54),4.299,3.299
Por Mercado Livre ,Notebook Asus Vivobook 16 Intel Core I7 1355U 16GB RAM 1TB SSD Windows 11 Home Tela 16 Fhd Cool Silver – X1605VA-MB764W,4.8,(170),4.999,238
Por Positivo ,"Notebook Positivo Vision C15 Lumina Bar Celeron, 8GB 128GB eMMC, Tela 15.6"" HD Antirreflexo, Windows 11, Tecla Link, Cinza",4.6,(1184),2.641,1.756
,Notebook Acer Predator Gamer Phn16-71-72w6 I7-13650hx 16gb 512gb Ssd Rtx 4060 Windows 11 Home Tela 16 Wuxga,4.9,(943),9.990,9.390
Por Micro Livre ,Notebook Lenovo E14 Core I5 8 GB Ssd256 14 Win - Excelente (Recondicionado),,,2.506,1.954
Por Eshop ,Notebook Samsung Book4 I3 8gb 256 Ssd W11p Np754xgj-kg6br,5.0,(1),4.749,3.699
Por Positivo ,"Notebook Positivo Vision R15 Lumina Bar, Amd Ryzen 7 16gb 512gb, Tela 15 Polegadas Full Hd Antirreflexo, Linux - Preto",4.6,(56),3.899,2.999
Por Acer Brasil ,Notebook Acer Aspire 58md Ci5 13°g W11 Home  512ssd 8gb Ram,,,3.999,3.199
Por Eletro2U ,"Notebook Lenovo Ideapad Intel Celeron - N4020, 4GB RAM, 128SSD, Windows 11 Home C/office, Tela Led 15,6"", Cor Cinza - 82VX0001BR",4.7,(1879),2.499,1.799
Por Positivo ,Notebook Positivo Vision C14 Lumina BAR Celeron 4GB 128GB eMMC Tela 14 Polegadas HD Antirreflexo Windows 11 Tecla Link Cinza,4.6,(4589),1.415,1.297
Por Micro Livre ,Notebook Lenovo Thinkpad T480 14  I5 8ª 8gb Ssd 256gb Preto (Recondicionado),4.7,(89),1.799,1.637
Por Mercado Livre ,"Notebook ASUS Vivobook 15, Intel Core i5 12a geração, 8GB, 256GB SSD, KeepOS, 15,6"" LED FHD, Quiet Blue",5.0,(5),3.249,2.862
Por 123 Comprou ,"Notebook Positivo Vision Intel Core i3 8gb RAM 256gb Ssd Tela 15.6"" Full Hd Linux - Preto",4.6,(176),3.212,2.024
Por NegociuN ,"Notebook Vaio Fe15 Amd Ryzen 5 12gb 512gb Ssd, Tela 15,6'' Full Hd Antirreflexo, Windows 11 Home, Cinza Grafite",4.8,(441),3.670,2.984
Por INPOWER ,"Notebook Gamer Acer Nitro V15 - 15.6 144hz Ips, Intel Core I7 13620h (13ª Geração) 4.90ghz, Nvidia Geforce Rtx 3050 6gb Gddr6, 8gb Ram Ddr5, 512gb Ssd Pcie 4.0 Nvme, Áudio Dts, Preto - Anv15-51-7837",5.0,(48),5.899,4.987
Por Eletro2U ,"Notebook Lenovo Ideapad 1i Intel Core i5 - 1235U, 8GB RAM, 512GB SSD, Windows 11 Home, Tela 15,6'' HD - 82VY000QBR",4.8,(4903),3.999,3.299
Por Mercado Livre ,"Notebook ASUS Vivobook Go E1504FA AMD Ryzen 5 7520U 8GB Ram 256GB SSD Windows 11 Tela 15,6"" FHD Black - NJ825W",4.8,(159),2.999,2.629
Por Asus ,"Notebook Asus Vivobook 15 X1504va Intel Core I5 1334u 16gb Ram 512gb Ssd Linux Keepos Intel Iris Xe Tela 15,6 Led Fhd Blue - Nj1746",4.9,(42),3.699,2.909
Por Mercado Livre ,Notebook Acer Aspire 15 555Q Intel Ci5 13gen 8gb 256ssd W11,4.8,(607),4.372,2.999
,"Apple MacBook Air de 13"" Estelar Chip M2 da Apple com CPU de 8 núcleos GPU de 8 núcleos e Neural Engine de 16 núcleos Memória unificada de 16 GB SSD de 256 GB",,,7.199,692
Por Eshop ,"Notebook Vaio Fe15 Intel I5 1235u 8gb 512gb Ssd Linux 15,6''",5.0,(2),4.990,3.079
Por 123 Comprou ,Notebook Multi Ultra Celeron N4020c 4gb 128gb W11 14'' Cinza,4.6,(606),2.064,1.277
Por Positivo ,"Notebook Positivo Vision C15 Lumina Bar Celeron, 8GB 128GB eMMC, Tela 15.6"" HD Antirreflexo, Windows 11, Tecla Link, Cinza",4.6,(1182),2.641,1.756
Por 123 Comprou ,Notebook Positivo Vision C15 Lumina Bar Celeron 8gb 128gb Emmc 15 Hd Linux - Cinza,3.7,(3),2.427,1.529
Por INFO OUTLET ,Notebook I5 10gen Ssd 256gb 32gb Tela Touch Fhd Hdmi Usb-c N,5.0,(3),3.999,2.879
Por Asus ,Notebook Asus Vivobook 16 X1605va Intel Core I7 1355u 16gb Ram 512gb Ssd Windows 11 Home Tela 16 Ips Fhd Silver - Mb763w,4.7,(31),5.699,4.514
,"Notebook Lenovo Ideapad 1i Intel Core i3 1215U 4GB 256GB Linux 15,6"" HD 82VYS00600",4.8,(5911),2.519,242
Por Eshop ,"Notebook Acer Aspire 3 I3 N305 8gb 256gb Ssd Linux 15,6''",5.0,(1),3.237,2.527
Por MXT ,"Notebook Asus Vivobook Go E1504GA Intel Core I3 N305 4Gb Ram 256Gb Ssd Linux Keepos Tela 15,6 Fhd Silver - Nj447 (Novo com caixa aberta)",,,2.646,2.249
Por Miranda ,"Notebook Ultra, Linux, 15,6 Pol. HD, Intel Celeron, 240GB SSD/ 8GB RAM, Cinza Escovado - UB262",4.6,(254),1.562,150
,"MacBook Air M2 (2022) 13.6"" midnight 8GB de Ram - 256GB SSD - Apple M",4.9,(400),6.799,323
,Para Notebook Celeron N4020 Dual 3 Ultrafino 11 Pro Hd,,,1.198,66
,"Notebook Latitude 3420 14"" preto 8GB de Ram - 256GB SSD - Intel Core i5",4.5,(30),3.980,3.781
Por Mercado Livre ,"Notebook Asus Vivobook 15 X1504va Intel Core I5 1334u 8gb Ram 256gb Ssd Linux Keepos Intel Iris Xe Tela 15,6 Led Fhd Silver - Nj1739",4.7,(14),2.899,2.706
Por Positivo ,"Notebook Positivo Vision R15 Lumina Bar, AMD Ryzen 5 8GB 256GB, Tela 15 polegadas Full HD Antirreflexo, Linux - Preto",4.7,(63),3.900,2.422
Por Positivo ,"Notebook Positivo Vision R15 Lumina Bar, Amd Ryzen 7 8gb 256gb, Tela 15 Full Hd Antirreflexo, Linux - Preto",4.7,(131),3.699,2.564
,Notebook Hp Core I5 11th 16gb Ram 256gb Ssd Hdmi Wifi Win11 Prateado (Recondicionado),5.0,(2),2.499,119
Por Asus ,"Notebook Asus Vivobook Go 15 E1504fa Amd Ryzen 3 7320u 4gb Ram 128gb Ssd Linux Keepos Tela 15,6 Fhd Black - Nj1291",4.7,(318),1.999,1.672
Por NVIDIA ,Notebook Asus Tuf Gaming F16 Fx607vj Nvidia Rtx 3050 Intel Core 5 210h 16gb Ram 512gb Ssd Windows 11 Home Tela 16 Nível Ips 144hz Cinza - Rl007w,5.0,(5),7.299,5.552
Por Dell ,Notebook Dell 15.6  Fhd Intel I7 16gb 512gb Ssd Preto,4.8,(42),4.739,4.399
Por Dell ,Notebook Dell Inspiron I15-i120k-a10p 15.6 I3 8gb 256gb W11,4.8,(1228),3.546,3.190
,"Notebook Workstation Dell Xeon E2176 32gb, 512ssd C/garantia Preto (Recondicionado)",,,2.695,2.317
Por Login ,"Notebook ASUS Vivobook Go 15 E1504FA-NJ836W AMD Ryzen 5 7520U 2,8 GHz 8GB 512GB SSD Windows 11 Home 15,6"" Full Hd Preto",4.8,(448),3.599,2.899
Por Carrefour ,"Notebook Lenovo IdeaPad 1i Intel Core i3-1215U 4GB 256GB SSD Windows 11 Home 15.6"" 82VY000UBR Com 2 Anos Premium Care",4.7,(41),2.648,254
Por Asus ,Notebook Asus Zenbook S14 Oled Ux5406sa Intel Core Ultra 7 256v 16gb Ram 1tb Ssd Windows 11 Home Tela 14 Fhd 120hz Gray - Pz176w,5.0,(1),9.999,7.475
Por Micro Livre ,Notebook Lenovo Intel Core I5 8350u 8gb Ddr4 Ssd M.2 256gb - Excelente (Recondicionado),,,1.673,79
Por Asus ,"Notebook ASUS Vivobook 15 X1504VA Intel Core i5 1334U 16Gb Ram 1TB SSD Linux KeepOS Intel Iris Xe Tela 15,6"" LED FHD Silver NJ2247",4.4,(13),3.899,3.078
Por Eletro2U ,Notebook Lenovo Ideapad 1i Celeron Office 365 4gb 128gb W11,4.7,(625),2.479,1.799
Por Asus ,"Notebook Gamer ASUS TUF Gaming A15, Ryzen 7, RTX 2050, 8GB RAM, 512GB SSD, Tela 15.6 IPS 144Hz, Linux KeepOS, Graphite Black - FA506NFR-HN069",4.8,(160),5.754,5.006
,Notebook Lenovo Thinkpad L13 I5 10a Geração 16gb Ssd 256gb Preto (Recondicionado),,,2.099,1.931
,"Notebook Acer A515-45-r3pu R7 16gb 512ssd 15,6 Led W11",4.8,(414),3.990,190
Por Micro Livre ,Notebook Dell Latitude 3410 Core I7 10th 16gb 256gb Ssd Nvme Cor Cinza - Excelente (Recondicionado),,,3.499,2.799
Por Positivo ,"Notebook Positivo Vision R15 Lumina Bar, Amd Ryzen 5 16gb 512gb, Tela 15 Polegadas Full Hd Antirreflexo, Windows 11 Home Tecla Copilot - Preto",4.6,(42),4.099,2.999
Por Mobcom ,Notebook Gamer Lenovo Loq-e Ci5 Rtx3050 512gb 16gb W11+ubook,4.9,(75),6.657,4.699
,Notebook Dell Inspiron I15-i120k-a30pf I5 16gb 512 15.6 W11,4.8,(1798),4.390,421
Por NegociuN ,"Notebook Vaio Fe16 Amd Ryzen 5-5625u Windows 11 Home 12gb RAM 512gb Ssd Wi-fi 6 Tela 16"" Ips Wuxga Antirreflexo - Cinza Grafite Vjfe69f11x-b1221h - Permite upgrade de memória RAM e SSD",5.0,(23),4.718,3.324
Por Asus ,Notebook Asus Tuf Gaming F16 Fx608jhr Nvidia Rtx 5050 Intel Core I7 14650hx 16gb Ram 512gb Ssd Windows 11 Home Tela 16 165hz Nível Ips Cinza - Rv016w,4.5,(4),10.999,8.970
Por Mercado Vendeu ,Notebook i5-1135G7 Dell Inspiron 15 3520 8gb 512 15.6 W11 Prateado,,,3.767,179
Por 123 Comprou ,Notebook Positivo Vision C15 Lumina Bar Celeron 8gb 128gb Emmc 15 Hd Linux - Cinza,3.7,(3),2.427,1.529
Por Micro Livre ,Notebook Dell Latitude 3410 Core I5 10ger 16gb 240ssd Win 11 Cor Cinza - Bom (Recondicionado),,,2.176,103
Por HP ,Notebook Hp 256r G9 Intel Core I5-1334u 15.6 Hd INTEL UHD 256gb Ssd 8gb Ram Windows 11 Home 64 Sl - Bq9l1at#ak4,,,3.999,2.999
,Notbook Lenovo T480 Intel Core I5-83350u 16gb Ssd 256gb 14 - Excelente (Recondicionado),,,1.839,87
,Notebook Vaio Intel I5 10a Geração 16gb Ssd 240gb Preto (Recondicionado),,,1.819,86
Por Fast Shop ,"Notebook Asus Vivobook Go E1504ga Intel Core I3 N305 8gb Ram 512gb Ssd Linux Keepos Tela 15,6 Fhd Silver - Nj438",4.8,(154),2.506,119
Por HP ,Notebook HP 256R G9 Intel Core i5-1334U 15.6 HD Intel UHD 256GB SSD 16GB RAM Windows 11 Home 64 PLS SL - BQ9L2AT#AK4,,,3.739,3.259
,"Notebook Samsung Galaxy Book Go Snapdragon 7c Kryo 468 Octa-core 4GB RAM 128GB SSD 14"" Full HD W11 com Office 365 NP340XLA-K07BR",4.7,(931),2.199,104
Por 123 Comprou ,"Notebook Positivo Vision Intel Core i3 8gb RAM 256gb Ssd Tela 15.6"" Full Hd Linux - Preto",4.6,(176),3.212,2.024
Por NegociuN ,"Notebook Vaio Fe15 Amd Ryzen 5 12gb 512gb Ssd, Tela 15,6'' Full Hd Antirreflexo, Windows 11 Home, Cinza Grafite",4.8,(441),3.670,2.984
Por INPOWER ,"Notebook Gamer Acer Nitro V15 - 15.6 144hz Ips, Intel Core I7 13620h (13ª Geração) 4.90ghz, Nvidia Geforce Rtx 3050 6gb Gddr6, 8gb Ram Ddr5, 512gb Ssd Pcie 4.0 Nvme, Áudio Dts, Preto - Anv15-51-7837",5.0,(48),5.899,4.987
Por Asus ,"Notebook ASUS VivoBook Go 15 AMD Ryzen 5 7520U 8GB 512GB SSD KeepOS Tela 15,6"" FHD Mixed Black - E1504FA-NJ732",4.8,(1111),2.899,2.464
Por Asus ,Notebook Asus Vivobook 16 X1605va Intel Core I7 1355u 8gb Ram 512gb Ssd Linux Keepos Tela 16 Ips Fhd Silver - Mb742,4.9,(75),4.199,3.288
,Notebook Dell Latitude 3410 Core I5 10ger 8gb 240ssd Win 11 Cor Cinza - Excelente (Recondicionado),,,2.035,96
,Notebook 2am Gaming Core I5 8400 16gb Ddr4 Ssd 240gb Gamer,,,1.990,94
,"Notebook Hp Intel Core I5-1035g1, 16gb, 240gb Ssd, Win 11 Cinza/chumbo (Recondicionado)",,,2.395,1.796
,"Notebook Positivo Q4128c Atom 4gb 128gb Ssd 14,1'' W10 Cor Vermelho",4.1,(2658),1.399,77
Por 123 Comprou ,Notebook Multi Ultra Celeron N4020c 4gb 128gb W11 14'' Cinza,4.6,(606),2.064,1.277
Por Positivo ,"Notebook Positivo Vision C15 Lumina Bar Celeron, 8GB 128GB eMMC, Tela 15.6"" HD Antirreflexo, Windows 11, Tecla Link, Cinza",4.6,(1184),2.641,1.756
Por 123 Comprou ,Notebook Positivo Vision C15 Lumina Bar Celeron 8gb 128gb Emmc 15 Hd Linux - Cinza,3.7,(3),2.427,1.529
,Notebook Dell Latitude 5410 I5 10th 16gb Ddr4 Ssd 256gb Nvme Cinza (Recondicionado),,,1.949,92
,Notebook Dell Core I5 11°ger 32gb Ssd 512gb Nvme Semi-novo Prateado (Recondicionado),4.6,(7),2.898,138
Por Vaio ,"Notebook Vaio Fe16 Amd Ryzen 7-5825u Windows 11 Home 32gb RAM 512gb Ssd Wi-Fi 6 Tela 16"" Ips Wuxga Antirreflexo - Cinza Grafite - Vjfe69f11x-b0211h - Permite upgrade de memória RAM e SSD",4.6,(9),5.999,5.199
Por Asus ,"Notebook Asus Vivobook Go 15 E510ka Intel Celeron Dual Core N4500 4gb Ram 128gb Emmc Windows 11 Home 15,60 Hd Rosa - Br833ws",4.7,(649),2.099,1.681
,Netbook 2 Em 1 Tablet Intel Atom Memoria 2gb Windows Branco MG0029 MGB,,,699,38
Por Asus ,"Notebook ASUS Vivobook Go 15 E1504FA AMD Ryzen 3 7320U 4Gb Ram 128Gb SSD Windows 11 Home Tela 15,6 FHD Mixed Black - NJ1364W",4.8,(112),2.399,2.081
Por Vikings ,Notebook Acer Aspire 5 A515-45-r0xr Ryzen7 8gb 256gb Ssd 15.6 Full Hd Linux Gutta - Excelente (Recondicionado),,,2.499,119
Por Asus ,Notebook Asus Vivobook 16 X1607qa Snapdragon X1 26 100 16gb Ram 1tb Ssd Windows 11 Home Tela 16 Fhd Silver - Mb092w,,,5.799,4.698
, Rhodia QUADRICULADO A5 Capa Laranja 80 folhas  quadriculadas unidade x 1,5.0,(1),51,
,Notebook Lenovo Thinkpad T14 Gen 1 Core I7 16gb Ram 256 Ssd Preto (Recondicionado),,,2.390,113
,"Notebook Latitude 3420 14"" preto 8GB de Ram - 256GB SSD - Intel Core i5 - Excelente (Recondicionado)",,,2.292,109
,Notebook Dell Latitude 5420 Core I7 11th 32gb Ram 1tb Ssd Cor Cinza - Excelente (Recondicionado),,,4.500,3.825
Por CELL TRONICS ,"Notebook Asus Vivobook Go 15 E1504ga Intel Core I3 N305 4gb Ram 128gb Ssd Windows 11 Tela 15,6 Fhd Silver - Nj440w",4.7,(344),2.399,2.255
,"Notebook Gamer ASUS TUF Gaming F15 FX507VU RTX4050 Core i7 13620H 8Gb Ram 512Gb SSD Linux 15,6"" FHD 144Hz Gray LP151",4.9,(84),10.900,519
,Notebook Positivo Master N190i Core I3 3th 4gb Ram Ssd 120gb,4.3,(3),699,38
Por Vaio ,"Notebook Vaio F14 13ª Gen Intel Core I5 16gb 512gb Ssd 14 Full Hd Antirreflexo Windows 11 Home Plus, Warm White, Desbloqueio Facial E Por Digital, Teclado Retroiluminado Pc8970c11x-b0611w",,,6.049,4.899
Por Asus ,"Notebook ASUS Vivobook Go 15 E510KA Intel Celeron Dual Core N4500 4GB Ram 128GB EMMC Windows 11 Home 15,60"" HD Black - BR808WS",4.4,(118),1.647,1.548
,"Apple Macbook Air (13 polegadas, 2020, Chip M1, 256 GB de SSD) - Cinza-espacial",4.9,(1056),5.239,249
,Notebook Dell Latitude 5490 Core I5 8ªg 8gb Ssd 256gb 14 - Excelente (Recondicionado),,,1.699,80
,Notebook Dell Latitude 5490 Core I5 8th 8gb Ram 256gb Ssd Cor Preto - Excelente (Recondicionado),,,1.699,80
Por 2Eletro ,"Notebook Lenovo Ideapad 1i Intel I5-1235u 8gb 512gb 15,6 W11 Cinza",4.9,(56),3.999,3.199
Por Mercado Vendeu ,Notebook Dell Latitude 5450 Ultra 5 125u 16gb 512gb Ssd Cor Cinza,,,6.392,304
,Notebook Asus Zenbook 14 Intel Core Ultra7 16gb 1tb Ssd W11,4.7,(14),9.299,7.253
,Notebook Lenovo Thinkpad T14 I5 10°th - Tela Touch Full Hd Preto (Recondicionado),,,2.308,109
,Notebook Lenovo T490 Core I5 8365u 1.6ghz Ssd 256gb 16gb 8ª Cor Preto - Bom (Recondicionado),,,2.298,1.827
,Notebook Acer Travelmate Intel® Core I71355u De 13a Geração Cinza/aço,,,4.249,202
Por Positivo ,"Notebook Positivo Vision R15 Lumina Bar, Amd Ryzen 7 8gb 512gb, Tela 15 Polegadas Full Hd Antirreflexo, Linux - Preto",4.8,(10),3.599,2.699
,Macbook Air de 13 polegadas chip SSD M4 de 256 GB cor prata,4.8,(9),8.420,400
Por Positivo ,Notebook 2 Em 1 Positivo Duo C4128a Intel® Celeron® Dual Core Linux - Cinza,5.0,(3),1.999,1.199
,Notebook Dell Latitude 5420 I7 16gb Ssd 256gb Windows 11 Pro Prateado (Recondicionado),,,2.999,142
,"Notebook Asus Vivobook 15 X1504za Intel Core I5 1235u 16gb Ram 512gb Ssd Linux Keepos Tela 15,60 Fhd Quiet Blue - Nj931",4.8,(254),3.359,322
,Notebook Hp 840 G3 Fino I7 6 Geração 8gb 256gb Ssd + Brinde Prateado (Recondicionado),,,1.998,1.499
,Chromebook Acer Co731c6nn Intel Celeron 4gb Emmc32gb Chros,4.8,(20),1.426,79
,"Notebook Inspiron 5440 14"" prateado 16GB de Ram - Intel Intel Core 5",5.0,(2),5.331,253
,"Notebook Lenovo Ideapad 1 Intel Core i3 1215U 4gb Ram 128gb Ssd Linux Tela 15,6"" Intel Uhd Graphics 82VYS01100",4.8,(664),2.699,2.510
Por zShops ,Chromebook Lenovo 100e Intel Celeron N4500 4gb 32gb,4.9,(11),1.799,172
,Livro De Registro De Receitas E Despesas A4 Accounting Ledge,,,1.971,93
Por Micro Livre ,Notebook Lenovo Thinkpad T495 Ryzen 5 Pro Ram 16gb Ssd 256gb Preto (Recondicionado),,,2.699,1.943
,"Notebook Asus Celeron Dual Core 4gb Ram 128gb Ssd W11 15,6'' Cor Prata",4.0,(4),2.700,1.782
,Notebook Probook Hp 440 G3 Core I5 16gb Ram 240gb Ssd C/nf Cinza (Recondicionado),,,1.899,1.633
,Notebook Lenovo Ideapad 1 Ryzen 5 7520U 8gb 512gb W11 15.6 HD 82x5000gbr,4.8,(1148),3.199,152
Por NegociuN ,"Notebook Lenovo IdeaPad Slim 3 15IRH10 Intel Core i5-13420H 8GB 512GB SSD Windows 11 15.3"" - 83NS0002BR Luna Grey",5.0,(2),4.089,3.599
Por 123 Comprou ,"Notebook Positivo Vision Intel Core i3 8gb RAM 256gb Ssd Tela 15.6"" Full Hd Linux - Preto",4.6,(176),3.212,2.024
Por NegociuN ,"Notebook Vaio Fe15 Amd Ryzen 5 12gb 512gb Ssd, Tela 15,6'' Full Hd Antirreflexo, Windows 11 Home, Cinza Grafite",4.8,(441),3.670,2.984
Por INPOWER ,"Notebook Gamer Acer Nitro V15 - 15.6 144hz Ips, Intel Core I7 13620h (13ª Geração) 4.90ghz, Nvidia Geforce Rtx 3050 6gb Gddr6, 8gb Ram Ddr5, 512gb Ssd Pcie 4.0 Nvme, Áudio Dts, Preto - Anv15-51-7837",5.0,(48),5.899,4.987
,"Notebook ASUS Vivobook Go 15 E1504GA Intel Core i3 N305 8GB Ram 256GB SSD Windows 11 Home Tela 15,6"" FHD Silver - NJ434W",4.8,(59),2.999,142
Por Mercado Vendeu ,Notebook Dell Inspiron 3520 Core I7 12* 8gb 512gb Ssd Cor Preto,4.4,(29),4.896,233
Por Fast Shop ,Notebook Asus Zenbook S14 Core Ultra7 258v 32gb 1tb Ssd W11,5.0,(2),10.199,980
,Notebook Positivo Duo 11.6  4gb De Ram 128gb Ssd - C4128bp,,,1.549,148
,"Notebook EliteBook 840 G3 14"" prata 256GB SSD - Intel Core i5 - Excelente (Recondicionado)",,,2.000,1.680
Por Miranda ,Notebook Lenovo Ideapad 1 R3-7320U 4GB de RAM 256GB SSD W11 Home 15.6 82x5000ebr,4.8,(1148),2.606,2.241
Por 123 Comprou ,Notebook Multi Ultra Celeron N4020c 4gb 128gb W11 14'' Cinza,4.6,(606),2.064,1.277
Por Positivo ,"Notebook Positivo Vision C15 Lumina Bar Celeron, 8GB 128GB eMMC, Tela 15.6"" HD Antirreflexo, Windows 11, Tecla Link, Cinza",4.6,(1184),2.641,1.756
Por 123 Comprou ,Notebook Positivo Vision C15 Lumina Bar Celeron 8gb 128gb Emmc 15 Hd Linux - Cinza,3.7,(3),2.427,1.529
Por Mobcom ,Notebook Acer Aspire 3 A315-510P-35D2 Intel Core i3 N305 ‎Intel UHD Graphics 8GB RAM 512GB SSD 15.6” LED FULL HD Windows 11,3.8,(4),3.999,2.899
Por Asus ,"Notebook ASUS TUF Gaming A15 FA506NFR RTX 2050 AMD Ryzen 7 7435HS 16Gb Ram 512Gb SSD Windows 11 Home Tela 144Hz nivel IPS 15,6"" FHD Graphite Black - HN060W",4.7,(22),6.199,5.125
,Macbook Pro A2251 2020 13  16gb Ram 512gb Ssd Space Gray (Recondicionado),4.8,(6),3.399,3.229
,Notebook Dell 5400 Carbon Core I5 8ger 8gb 240ssd Windows 11,,,2.699,2.429
,"Notebook EliteBook x360 C1030 14"" aluminum 128GB SSD - Intel Core i7 - Excelente (Recondicionado)",,,2.999,1.979
,Notebook Lenovo V15 G4 Iru Intel Core I5 8gb 256gb W11 15.6,4.5,(2),4.148,197
,Notebook Hp Elitebook X360 I5 7a -16gb Ram Nvme 256gb Touch Prateado (Recondicionado),,,3.249,2.437
,Notebook Dell Vostro 3401 Core I5 8gb Ram 256gb Ssd Cor Preto - Excelente (Recondicionado),,,2.649,1.986
,Notebook Dell Latitude 5310 Core I5 10ª Ger 16gb Ssd 256gb - Excelente (Recondicionado),,,2.589,123
,Notebook Dell Latitude 5420 I7-1185g7 16gb 256gb 14hd W10pro - Excelente (Recondicionado),,,2.790,132
Por NegociuN ,"Notebook Vaio Fe15 Amd Ryzen 5 12gb 512gb Ssd, Tela 15,6'' Full Hd Antirreflexo, Windows 11 Home, Cinza Grafite",4.8,(441),3.670,2.984
,Laptop Dell Inspiron i15-i1300-M50P 15.6 Full HD de 13ª geração RAM 16 GB Core i5 Cor Preto,4.8,(84),5.200,4.784
,Apple Macbook air 13 M4 16gb Ram 256gb Ssd Prateado,5.0,(2),8.190,390
Por Vikings ,"Notebook Lenovo Ideapad 1 Intel Core i3 1215U 8GB RAM 256GB SSD Windows 11 Home Tela 15,6"" 82VY000SBR - Excelente (Recondicionado)",,,2.299,109
,Notebook Vaio F14 PC8970C11X -B0911W Core I7 1255U Windows 11 16gb 512gb Ssd Cor Branco,5.0,(4),7.999,380
,"Notebook Asus Vivobook 15 X1504za Intel Core I5 1235u 8gb Ram 512gb Ssd Windows 11 Tela 15,6 Fhd Silver - Nj986w",4.9,(365),3.299,157
Por Eshop ,"Notebook Gamer ASUS TUF Gaming A15 AMD Ryzen 7 7435HS 3,1 GHz RTX3050 16GB RAM 512GB SSD Windows 11 Home Tela 15,6 144Hz IPS FHD Graphite Black - FA506NCR-HN088W",4.9,(72),8.149,5.990
Por HP ,Notebook Hp 256r G9 Ci3 15.6  Uhd Graphics 256gb Ssd 8gb W11 Cinza-escuro,4.8,(17),3.232,2.519
Por Asus ,Notebook Asus Vivobook 15 M1502ya Amd Ryzen 7 5825u 16gb Ram 512gb Ssd Windows 11 Home Tela 15.6 Led Fhd Silver - Nj655w,4.8,(26),4.499,3.906
,Notebook Lenovo Thinkpad T480 Intel Core I5 8ag 8gb Ssd128gb Preto (Recondicionado),4.8,(26),1.299,72
Por Login ,Notebook Dell Inspiron 15 Intel I7 1255u 8gb 512gb Ssd Preto,,,4.999,4.299
,Notebook Dell Latitude 3420 Intel Core I5 11ger Memória Ram 16gb Armazenamento Ssd 256gb Windows 11 Tela 14,4.2,(5),3.299,157
,Notebook Dell I5 10ger 16gb 240ssd Win11 Detalhe Na Tela,,,2.699,128
,"MacBook Air M1 2020 13"" cinza-espacial 8GB de Ram - 256GB SSD - Apple Chip",4.9,(251),5.088,489
,"Notebook Dell Latitude 3490 Tela Hd 14'' I5-8250u 256gb, 8g - Excelente (Recondicionado)",,,1.550,1.472
Por Samsung ,"Notebook Samsung Galaxy Book4 Intel® Core™ i5-1335U (1.3 Ghz, até 4.6GHz, 12 MB L3 Cache), Windows 11 Home, 8GB, 512GB SSD, Iris Xe, 15.6'' Full HD LED, 1.55kg",4.8,(2176),4.099,3.681
,Notebook Dell Latitude 7310 Core I5 16gb Ram 256gb Ssd + Cor Prateado - Excelente (Recondicionado),,,2.299,2.092
,Notebook Lenovo Thinkpad T14 Intel Core I5 10ager 16gb 256gb Preto (Recondicionado),5.0,(8),1.969,93
,Notebook Positivo Motion Plus Q464b Tela 14 4gb Ram 64gb Hd Cor CINZA AZULADO,3.7,(77),1.159,64
,Notebook Hp Core I5 8°ger. 16gb Ssd 512 Windows 11 Original,5.0,(3),3.090,147
,Notebook Dell Latitude 5420 Core I7 11th Ram 16gb Ssd 256gb Cinza,,,2.790,132
,"Notebook Latitude 3400-5400-5490 14"" cinza 16GB de Ram 512GB SSD Intel Core i5",4.1,(103),3.299,157
Por SLA Informatica ,Notebook Lenovo Thinkpad T14 I5 10ger 16gb 256gb Ssd 01,,,2.799,133
,Notebook Lenovo Thinkpad L13 Core I5-10310u 16gb Ssd 256gb (Recondicionado),5.0,(1),1.783,84
,Notebook Apple Macbook Pro A1398 Intel Core I7 256gb 16gb Cinza (Recondicionado),,,2.789,132
,Notebook Hp Elitebook - Core I7 + 16 Gb Ddr4 + Ssd Prateado 256 Gb Ssd M2 (Recondicionado),5.0,(1),2.199,1.715
,Notebook Lenovo X250 Core I5 5ª Geração 8gb Ssd 120gb Wifi (Recondicionado),,,1.299,72
Por Fast Shop ,Notebook Asus Tuf Gaming Rtx3050 Core I5 16gb 512ssd W11,4.9,(224),6.040,287
,Notebook Vaio Vjf155f11x 1tb 4gb Intel I3-7100u Mostruário,5.0,(1),1.699,80
Por Asus ,"Notebook Asus X515ka Intel Celeron Dual Core N4500 4gb Ram 128gb Ssd Windows 11 Home Tela 15,6 Led Cinza - Br329ws",4.5,(2),1.999,1.690
,Notebook Lenovo Loq 15irx9 Intel Core i7-13650hx 16gb 512gb Ssd Rtx 4050 Windows 11 15.6 - 83kh0003br Luna Grey,4.9,(17),7.799,371
,Notebook Hp Probook 640 G8 Core I5-1145g7 16gb Ssd 512gb (Recondicionado),,,2.327,110
Por 123 Comprou ,"Notebook Positivo Vision Intel Core i3 8gb RAM 256gb Ssd Tela 15.6"" Full Hd Linux - Preto",4.6,(176),3.212,2.024
Por NegociuN ,"Notebook Vaio Fe15 Amd Ryzen 5 12gb 512gb Ssd, Tela 15,6'' Full Hd Antirreflexo, Windows 11 Home, Cinza Grafite",4.8,(441),3.670,2.984
Por INPOWER ,"Notebook Gamer Acer Nitro V15 - 15.6 144hz Ips, Intel Core I7 13620h (13ª Geração) 4.90ghz, Nvidia Geforce Rtx 3050 6gb Gddr6, 8gb Ram Ddr5, 512gb Ssd Pcie 4.0 Nvme, Áudio Dts, Preto - Anv15-51-7837",5.0,(48),5.899,4.987
,Notebook Lenovo Thinkpad T480 I5-8º 8gb 240gb Ssd Vitrine Cor Black - Bom (Recondicionado),,,2.499,1.649
,Notebook Dell Latitude Core I7 8ª Ger Ssd 480gb Ram 16gb,,,3.139,149
,Rhodia Katakana 162100K 80 folhas quadriculadas 1 assuntos unidade x 1 14.8cm x 21cm cor laranja,,,55,
,"Notebook Inspiron 3501 15.55"" preto 4GB de Ram - 128GB SSD - Intel Core i3",4.8,(119),3.540,168
,"Laptop De 15,6 Polegadas Tela Ips De 15,6 Polegadas 16g Ram ",,,2.856,1.714
,Notebook Lenovo Thinkpad L13 Core I5-10310u 16gb Ssd 256gb (Recondicionado),,,1.799,85
Por 123 Comprou ,Notebook Multi Ultra Celeron N4020c 4gb 128gb W11 14'' Cinza,4.6,(606),2.064,1.277
Por Positivo ,"Notebook Positivo Vision C15 Lumina Bar Celeron, 8GB 128GB eMMC, Tela 15.6"" HD Antirreflexo, Windows 11, Tecla Link, Cinza",4.6,(1182),2.641,1.756
Por 123 Comprou ,Notebook Positivo Vision C15 Lumina Bar Celeron 8gb 128gb Emmc 15 Hd Linux - Cinza,3.7,(3),2.427,1.529
,Notebook Dell 8265u Core I5 8g 16gb 256ssd Win11,,,2.699,128
Por Mobi Phone ,"MacBook Pro MacBook Pro 14"" M3 Pro 14"" space black 18GB de Ram - 1TB SSD - Apple M3",4.9,(53),20.575,979
,MacBook Air M2 2022 midnight 16GB de Ram - 256GB SSD - Apple M,5.0,(70),7.289,6.268
Por Asus ,Notebook Gamer Rog Strix G16 G614fr Nvidia Rtx 5070 Amd Ryzen 9 9955hx3d 32gb Ram 1tb Ssd Windows 11 Tela 16 240hz Led Gray - S5172w,5.0,(1),24.999,22.379
,"Notebook Dell Latitude E5470 I5, 6ª geração, 2,3 GHz, 8 GB, 256 ssd, 14, preto - Excelente (Recondicionado)",,,2.005,95
,Notebook Dell Latitude 3480 I7 7500 8gb 240gb - Excelente (Recondicionado),,,1.699,1.614
,Notebook Hp 840 G7 I5 10a Geração - 8gb Ram - Ssd 240gb W11 Prateado (Recondicionado),5.0,(1),2.999,1.949
Por Asus ,"Notebook ASUS TUF Gaming A15 FA506NCR NVIDIA RTX 3050 AMD Ryzen 7 7435HS 8Gb Ram 512Gb SSD Linux KeepOS Tela 15,6"" FHD Nível IPS 144Hz Black - HN089",4.9,(18),5.899,5.125
,"Notebook Latitude 5400 14"" preto 16GB de Ram - 512GB SSD - Intel Core i5",4.2,(69),3.199,152
,Notebook Lenovo Thinkpad L440 Core I5 4300m 4gb 500gb - Excelente (Recondicionado),,,1.200,66
Por MEGAJU COMERCIAL ,"Notebook 15,6'' Fhd Ips Intel N95 8gb Ddr4 Ssd 256gb Hdmi",,,3.999,2.839
,Notebook Dell Latitude 5420 Core I7 11th Ram 16gb Ssd 256gb Cinza,,,3.100,2.790
Por Mobcom ,Notebook Acer Aspire 5 Amd Ryzen 7 15.6 Amd Radeon 512gb 8gb,4.8,(13),3.605,3.199
Por Positivo ,Positivo Notebook 2 Em 1 Positivo Duo C4128b-3 Intel Celeron,4.7,(92),1.799,1.547
Por SLA Informatica ,Notebook Lenovo Thinkpad T14 I5 10ger 16gb 256gb Ssd,5.0,(1),2.799,133
,"Apple Macbook Air (13 polegadas, 2020, Chip M1, 256 GB de SSD) - Prata",4.9,(1056),5.599,266
Por Asus ,Notebook Asus Vivobook 16 X1607qa Qualcomm Snapdragon X1 26 100 16gb Ram 512gb Ssd Windows 11 Home Tela 16 Fhd Silver - Mb062w,5.0,(3),5.299,4.191
,Notebook Dell Latitude 3420 I7 11a Ge 32gb Ram 256gb Nvme Preto (Recondicionado),,,2.900,2.581
,Notebook Lenovo T480 Core I5-8350u 16gb Ssd 512gb Hdmi,4.5,(4),2.999,142
,Notebook Dell Vostro 5402 Core I7-1165g7 32gb 512ssd Nvidia Preto (Recondicionado),,,3.389,2.914
,Notebook Hp 240 G4 Core I5 6a Geração 8gb Ssd 240gb Hdmi,5.0,(2),1.600,1.040
,Laptop Dell Vostro 3401 Core I5 ​​​​de 10ª geração 8 GB 256 GB SSD de 14 polegadas - Excelente (Recondicionado),,,2.999,1.979
,Notebook Vaio Pro Px Intel Core I5-1235u 8gb Ssd 256gb 14  (Recondicionado),,,1.574,74
,Notebook Dell Latitude 5400 I5 8365u 8gb 256ssd - Seminovo,,,1.775,84
,Acer Spin 2 Em 1 Amd A4 4gb Ram 32gb Ssd Chromebook 11.6 - Excelente (Recondicionado),,,1.095,897
Por Positivo ,"Notebook Positivo Vision R15 Lumina Bar Amd Ryzen 5 16gb 512gb, Tela 15 Full Hd Antirreflexo, Linux - Preto",4.3,(40),3.899,2.899
Por Vaio ,"Notebook Vaio F14, 13ª Gen Intel Core I7, 16gb 512gb Ssd, 14 Full Hd Antirreflexo, Windows 11 Home, Warm White, Desbloqueio Facial E Por Digital, Teclado Retroiluminado B1011w",5.0,(5),7.999,6.399
Por Samsung ,"Notebook Samsung Galaxy Book4, Windows 11 Home, Intel® Core I7, 16gb, 512gb Ssd, 15.6'' Full Hd Led, 1.55 Kg - Grafite",4.9,(431),5.699,5.117
,Notebook Lenovo V14 Amd R5 7520u 8gb 256gb Ssd W11 Pro Preto,4.3,(7),4.775,459
Por Gigantec ,Notebook Positivo Master N2240 Core I3 1115g4 8gb Ddr4 Linux Cor Preto,4.7,(3),1.993,191
,"Notebook Asus Vivobook Go 15 E1504fa Amd Ryzen 5 7520u 8gb Ram 1tb Ssd Linux Keepos Tela 15,6 Fhd Black - Nj1289",4.8,(132),2.890,277
Por TNT Info ,"Samsung Galaxy Chromebook Go Intel Celeron N4500, 4gb, 32gb Cor Cinza - Excelente (Recondicionado)",,,1.195,115
,Macbook Air M4/ 16gb/ 256gb Ssd 2025,4.8,(16),8.379,399
,Notebook Hp Elitebook 845 G8 Ryzen 3 Pro 5450u 4.0ghz Win11 Prateado (Recondicionado),,,4.990,237
Por Samsung ,"Notebook Samsung Galaxy Book Go, Windows 11 Home, Snapdragon® 7c, 4gb, 128gb Ufs, 14'' Full Hd Led, 1.38kg Com Copilot Integrado",4.9,(54),2.149,2.029
,"Chip M3 Apple Macbook Air MC8j4ll/A 13,6 256 GB/16 GB de RAM - Starlight",5.0,(5),7.890,375
,Notebook Asus Zenbook 14 Oled Ux3405ma Intel Core Ultra 9 185h Ai 32gb Ram 1tb Ssd Windows 11 Home Tela 14 Blue - Pp809w,4.3,(12),8.758,417
,Notebook Hp 840 G8 I5 11° Geração 16gb Ddr4 Ssd 512gb Nvme Prateado,,,2.999,142
,"Notebook Latitude 5490 14"" preto 8GB de Ram - 256GB SSD - Intel Core i5",4.2,(88),2.999,142
Por HP ,Notebook Hp 256r G9 Ci3 Uhd Graphics 256gb 8gb + Mochila Hp,5.0,(2),4.754,2.754
Por Asus ,"Notebook Asus Vivobook Go E1504GA Intel Core I3 N305 4Gb Ram 256Gb Ssd Linux Keepos Tela 15,6 Fhd Silver - Nj447",4.7,(568),2.399,2.055
,Notebook Lenovo LOQ-e 15iax9e Intel Core i7-12650HX 16gb 512gb SSD RTX 4050 Windows 11 15.6 - 83me0002br Luna Grey,4.8,(9),6.399,304
Por 123 Comprou ,"Notebook Positivo Vision Intel Core i3 8gb RAM 256gb Ssd Tela 15.6"" Full Hd Linux - Preto",4.6,(176),3.212,2.024
Por NegociuN ,"Notebook Vaio Fe15 Amd Ryzen 5 12gb 512gb Ssd, Tela 15,6'' Full Hd Antirreflexo, Windows 11 Home, Cinza Grafite",4.8,(441),3.670,2.984
Por INPOWER ,"Notebook Gamer Acer Nitro V15 - 15.6 144hz Ips, Intel Core I7 13620h (13ª Geração) 4.90ghz, Nvidia Geforce Rtx 3050 6gb Gddr6, 8gb Ram Ddr5, 512gb Ssd Pcie 4.0 Nvme, Áudio Dts, Preto - Anv15-51-7837",5.0,(48),5.899,4.987
Por Samsung ,"Notebook Samsung Galaxy Book4 Intel® Core™ i5-1335U (1.3 Ghz, até 4.6GHz, 12 MB L3 Cache), Windows 11 Home, 16GB, 512GB SSD, Iris Xe, 15.6'' Full HD LED, 1.55kg",4.9,(2040),4.499,4.037
,Notebook Dell Latitude 5400 I5 8a Ger 16gb M2 256gb Cor Preto - Bom (Recondicionado),,,2.499,1.799
,Notebook Hp 14 Stream 8gb Ram Intel C/nf Branco (Recondicionado),,,1.199,115
Por Samsung ,"Notebook Samsung Galaxy Book4 360, 16gb, Intel Core I7, 1tb Ssd, Windows 11 Home, 15.6'' Full Hd Amoled, Np750qgk-kg1br",4.7,(184),8.999,428
,Placa Filha Compatível Com Dell Inspiron 3510 3511 3515,5.0,(2),109,10
,Microsoft Surface 4 13.5 Touchscreen I5,,,9.590,921
Por 123 Comprou ,Notebook Multi Ultra Celeron N4020c 4gb 128gb W11 14'' Cinza,4.6,(606),2.064,1.277
Por Positivo ,"Notebook Positivo Vision C15 Lumina Bar Celeron, 8GB 128GB eMMC, Tela 15.6"" HD Antirreflexo, Windows 11, Tecla Link, Cinza",4.6,(1184),2.641,1.756
Por 123 Comprou ,Notebook Positivo Vision C15 Lumina Bar Celeron 8gb 128gb Emmc 15 Hd Linux - Cinza,3.7,(3),2.427,1.529
,Notebook 14 Pentium Quad Win10 Original Ssd120gb 4gb Vitrine,5.0,(1),1.229,118
,Notebook Lenovo Thinkpad T480 I5-8º 8gb 240gb Ssd Vitrine Cor Black - Excelente (Recondicionado),,,1.749,168
Por OTH Produtos ,"Macbook Pro 2020, 13.3'', Core I5, 16gb, Ssd-512gb C/detalhe Cinza Espacial (Recondicionado)",,,2.840,273
Por Gigantec ,Notebook Lenovo Lenovo V14 Amd Ryzen 5 8gb 256gb W11,5.0,(2),3.241,311
,Notebook Dell Latitude 5400 I5 8a Ger 16gb M2 256gb Cor Preto - Excelente (Recondicionado),,,2.499,1.899
Por Mercado Livre ,Notebook Positivo Vision C14 Lumina Bar Intel 4gb 128gb 14'' Cinza,4.8,(48),1.799,1.399
Por Samsung ,"Notebook Samsung Galaxy Book4 Pro, Windows 11 Home, Intel® Core™ Ultra 5 125H, 16GB, 512GB SSD, 14'' Full HD AMOLED, Touchscreen, 1.23 kg",4.8,(68),6.999,6.284
,"Notebook V-Series V15 15.6"" black 8GB de Ram - 1TB HDD - Intel Core i5 - Excelente (Recondicionado)",,,3.599,171
Por Samsung ,"Notebook Samsung Galaxy Book4 Ultra Intel® Core™ Ultra 9 185H , Windows 11 Home, 32GB, 1TB SSD, 16'' WQXGA+ AMOLED 2x, antirreflexo, touchscreen, 1.86 kg",4.6,(59),13.999,13.299
,Notebook Lenovo Thinkpad E14 Intel Core I5 10ª 16gb Ram 256gb Ssd M2 Windows 11 Pro - Bom (Recondicionado),,,2.067,98
,"Apple Macbook Air (13 polegadas, 2020, Chip M1, 256 GB de SSD) - Ouro",4.9,(1056),5.599,266
,Apple Macbook Air 13.6 256gb SSD/16GB RAM M3 Chip Amv Color Silver,5.0,(5),9.738,463
,Notebook Dell Latitude 5440 Core I7 13th 32gb Ram 512gb Ssd,4.5,(2),6.249,297
,Notebook Nitro 5 An515-46 Amd Ryzen 7-6800h 16gb Ram 1tb Ssd Preto (Recondicionado),,,2.800,269
,Notebook Lenovo Thinkpad T14 Core I7 10th 16gb Ram 256gb Ssd Preto (Recondicionado),,,2.490,118
Por Acer Brasil ,Notebook Acer Travel Mate 70g2 Ci7 13ª G 16gb 512gb W11 Pro,,,7.999,4.499
,"Notebook Acer Aspire 15 73wh Intel Ci7 13620H 13ªGen GB RAM 512GB SSD Fhd 15.6"" 64-Bits (Debian)",4.6,(137),4.990,4.491
Por Samsung ,"Notebook Samsung Galaxy Book4, Windows 11 Home, Intel® Core 7, 16gb, 512gb Ssd, Nvidia® Geforce® Mx570, 15.6' Full Hd Led, Fingerprint - Grafite",4.9,(153),6.499,5.832
,Notebook Dell Inspiron 5440 Core 7 150u 16gb 512ssd Mx570a Cor Prateado,5.0,(2),5.560,264
,"Notebook Latitude Dell Latitude 5400 14"" cinza 16GB de Ram - 256GB SSD - Intel Core i5",,,2.799,133
,"MacBook Air M2 (2022) 13.6"" starlight 8GB de Ram - 256GB SSD - Apple M",4.9,(400),6.799,653
,Notebook conversível Lenovo Flex 5 I3 8gb 256gb 14 Touch Color Gris,,,4.099,195
,Notebook Hp Elitebook Core I5 10th 16gb Ram 256gb Ssd Win11 Prateado (Recondicionado),,,2.290,109
,Notebook Dell Latitude 3420 Core I7 11th 64gb Ram 1tb Ssd Cor Grafite,4.5,(30),6.731,320
,Notebook Positivo Master N4340 Intel® Core I5-10210u Windows 11 Home 8gb Ram 256gb Ssd 14 Hd - Preto - Excelente (Recondicionado),,,1.798,1.690
,Notebook Dell Rugged Militar I5 16gb 240gb Ssd Leia Anúncio Preto (Recondicionado),,,3.499,336
,Notebook Ultra Win11 14 Pol. Core I5 8gb Ram 256gb Ssd Ub540 Cor Preto,4.7,(33),2.558,121
,Ultrabook Lenovo Thinkpad L14 Gen2 I5-1145g7 16gb Nvme256+nf Cor Preto,3.8,(8),3.319,158
,Macbook Air M4 16gb 256ssd 13 Pol. Midnight (2025) | Nf-e,5.0,(2),8.390,399
,"MacBook Air M2 (2022) 13.6"" silver 8GB de Ram - 256GB SSD - Apple M",4.9,(400),7.499,357
Por Samsung ,Notebook Samsung Galaxy Book4 Windows 11 Home Intel Core I3 8gb 256gb Ssd 15.6'' Full Hd Led 1.55 Kg Grafite,4.9,(4532),3.649,3.276
,"Samsung Galaxy Chromebook Go Intel Celeron N4500, 4gb, 32gb Cor Cinza",4.5,(133),1.504,144
,Notebook Lenovo T490 Core I5-8365u 1.6ghz 16gb Ssd 256gb 14,5.0,(2),1.899,90
,"Notebook Acer Aspire 5 A515-45-R5AT AMD Ryzen 5 5500U 15.6""AMD Radeon Graphics 256GB SDD 8GB RAM Windows 11",4.9,(206),3.999,384
,Laptop Dell Latitude 3540 Intel i5-1235U 8 GB 512 GB W11Pro,,,4.987,237
,"Notebook Latitude 5400 14"" preto 16GB de Ram - 240GB SSD - Intel Core i5",4.2,(69),2.999,142
,Notebook Dell Latitude 7440 Core I7 13th 32gb Ram 256gb Ssd,5.0,(1),8.989,428
,"Notebook EliteBook 840 G8 14"" prata 16GB de Ram - 256GB SSD - Intel Core i5",3.6,(5),2.999,142
,Apple Macbook Air M4 Chip 16gb 256ssd  2025 Midnight Midnight,5.0,(5),8.490,404
,Apple Macbook air 13 M4 16gb Ram 256gb Ssd Meia-noite,5.0,(3),7.999,380
,Notebook Vaio Fe15 15.6 Polegadas Fhd I7-1195G7 16gb Ssd 512gb Windows 11 Home Cinza Com Alexa Integrada,4.7,(93),4.148,197
,"MacBook Pro MacBook Pro 14"" M3 Pro 14"" space black 18GB de Ram - 512GB SSD - Apple M3",4.9,(53),13.800,1.326
Por 123 Comprou ,"Notebook Positivo Vision Intel Core i3 8gb RAM 256gb Ssd Tela 15.6"" Full Hd Linux - Preto",4.6,(176),3.212,2.024
Por NegociuN ,"Notebook Vaio Fe15 Amd Ryzen 5 12gb 512gb Ssd, Tela 15,6'' Full Hd Antirreflexo, Windows 11 Home, Cinza Grafite",4.8,(441),3.670,2.984
Por INPOWER ,"Notebook Gamer Acer Nitro V15 - 15.6 144hz Ips, Intel Core I7 13620h (13ª Geração) 4.90ghz, Nvidia Geforce Rtx 3050 6gb Gddr6, 8gb Ram Ddr5, 512gb Ssd Pcie 4.0 Nvme, Áudio Dts, Preto - Anv15-51-7837",5.0,(48),5.899,4.987
,Notebook Asus Celeron N4020 15.6 128gb W11h X515ma-br933ws,4.7,(669),1.649,78
,Notebook Dell Latitude 5310 Core I5 10th 16gb Ram 256gb Ssd Cinza - Excelente (Recondicionado),,,2.548,121
,"Macbook Pro 14 Apple Pro M4 24 GB SSD 512 GB de espaço, cor preta",4.0,(4),16.405,781
,"Notebook Positivo Vision I15 Lumina Bar, Core I3, 11th, 8gb 256gb Ssd, Tela 15 Polegadas Full Hd Antirreflexo, W11 - Ci",4.7,(132),2.299,109
,Notebook Core I5 Dell Latitude 16gb Ram 256gb Ssd M2 Win 11,,,2.662,126
,Dell Latitude 5410 Core I5 10th 16gb Ssd 256gb W11 Touch Fhd,5.0,(4),3.899,2.963
Por 123 Comprou ,Notebook Multi Ultra Celeron N4020c 4gb 128gb W11 14'' Cinza,4.6,(606),2.064,1.277
Por Positivo ,"Notebook Positivo Vision C15 Lumina Bar Celeron, 8GB 128GB eMMC, Tela 15.6"" HD Antirreflexo, Windows 11, Tecla Link, Cinza",4.6,(1184),2.641,1.756
Por 123 Comprou ,Notebook Positivo Vision C15 Lumina Bar Celeron 8gb 128gb Emmc 15 Hd Linux - Cinza,3.7,(3),2.427,1.529
,Notebook Dell Core I5 11°ger 32g Memória Ssd 512gb Telatouch Cinza (Recondicionado),5.0,(4),2.898,138
Por HP ,Notebook HP 256R G9 Intel Core i3-1315U 15.6 HD Intel UHD Graphics 256GB SSD 8GB RAM Windows 11 Home 64 SL - BQ9K8AT#AK4,,,2.599,123
,SSD LG Gram 17 Evo i7-1360P de 16 GB e 1 TB preto,,,11.899,566
,Notebook Lenovo Thinkpad T490 Core I5 8ªger 16gb Ssd 256gb - Bom (Recondicionado),,,1.689,80
,Workstation Dell 7550 Xeon 10ag 64gb Ssd 512gb Nvidia 4gb,,,4.999,3.599
Por Samsung ,"Notebook Samsung Galaxy Book4, Windows 11 Home, Intel® Core 5, 16gb, 512gb Ssd, Nvidia® Geforce® Mx570, 15.6'' Full Hd Led, Fingerprint - Grafite",4.8,(21),5.649,269
,"Notebook Lenovo IdeaPad 1i Intel Core i3-1215U 4GB 256GB SSD Windows 11 Home 14"" 83AF0000BR",4.8,(148),2.565,122
,"Notebook Acer TravelMate TMP214-55-54ZZ Intel® Core™ i5 – 1335U de 13ªGen 16GB 512GB SSD W11 Pro 14""",5.0,(9),3.875,184
,"MacBook Pro MacBook Pro 16, notebook preto de 16,2"", 24 GB de RAM - SSD de 512 GB - Apple M4",5.0,(1),20.079,956
,"Notebook ASUS X515KA Intel Celeron Dual Core N4500 4GB Ram 128GB SSD Windows 11 Home 15,6 HD Grey EJ303WS",4.6,(420),2.499,2.199
,Notebook Dell 5410 Tela Full Hd  I5-10ª Ger 16gb Ssd 512gb,4.0,(1),2.399,114
,Notebook Hp Core I5 6a Geração 16gb 256gb Ssd Win10 Pro Fhd,,,1.840,87
,Notebook 256-g9 I3 8gb 256gb Ssd 15w11 7z3r2la Hp Cx 1 Un Cor Preto,4.8,(503),2.849,135
,Lenovo E480: I7-8th 16gb Ram 256gb Ssd + Placa De Video Preto (Recondicionado),,,4.599,2.345
,Notebook Lenovo Thinkpad E14 Amd Ryzen 5 16gb 512gb W11 Pro,,,5.257,250
,Macbook Air 2012 - A1466 - Core I5 - Ssd 120gb - 4gb Ram,,,1.599,76
,Notebook Asus Vivobook Go 15 Intel Celeron 4gb 128gb Wind11,4.6,(15),1.818,174
,Notebook Lenovo Thinkpad E14 Intel Ultra 5 16gb 256gb W11,,,6.220,296
,"Notebook Lenovo Yoga Slim 6i Intel Core i5-1240P Evo 16gb 512gb SSD Windows 11 Home Tela 14"" Cor Storm grey 83C70000BR",4.8,(191),5.058,240
,Notebook Dell Latitude 5480 /core I5-7°ger. / 8gb /ssd 240gb,,,1.599,76
,"Notebook Latitude Dell Latitude 5400 14"" preto 16GB de Ram - 512GB SSD - Intel Core i7",,,3.340,159
,Notebook Lenovo Thinkpad E14 I7 10th 16gb Ram 256gb Ssd,,,2.500,119
,Notebook Hp 445 G10 Ryzen 5 7530u Radeon 512gb Nvme 32gb Ram,5.0,(2),3.698,176
,Notebook Dell Latitude 5300 Core I5 8ªg 8gb 256gb Cartão Sim - Bom (Recondicionado),,,1.705,81
,Macbook Air 13 Apple M4 8-core 16gb Ram 256gb Loja Top 5,,,9.500,8.265
,"MacBook Air M1 2020 13"" ouro 8GB de Ram - 256GB SSD - Apple M",4.9,(251),5.600,538
,"MacBook Air M2 (2022) 13.6"" space gray 8GB de Ram - 256GB SSD - Apple M",4.9,(400),6.799,323
,"Samsung Chromebook 4 Intel Dual-Core 4GB 32GB Tela 11.6"" Prata XE310XBA-KT3BR Google Chrome OS HD LED",4.6,(1272),1.499,145
,"Notebook Lenovo Ideapad 1 Celeron 4gb 128gb Ssd 15,6 W11 Cor Cinza - Excelente (Recondicionado)",,,1.799,85
,Notebook Ideapad Gaming 3 R7 16gb 512gbssd Rtx3060 15.6 W11 Cor Shadow black,4.9,(172),6.499,309
,Macbook Air M4/ 10-core Gpu/ 24gb Ram / 512gb Ssd,,,11.799,561
,Notebook Dell 7300 Core I5 8th 16gb 256ssd Touch Screen,,,2.669,127
,Netbook Positivo Mobo S7 (estudos E Emulação De Jogos),4.0,(4),270,45
,"Notebook ASUS Vivobook 15 M1502YA AMD Ryzen 7 5825U 16GB Ram 512GB SSD Linux KeepOS 15,6"" FHD Cool Silver - NJ612",5.0,(4),3.262,313
,"Chromebook Acer R11 2 In 1 Intel  2gb, 32gb Touchscreen 11,6",,,1.295,582
,"Samsung Chromebook 4 Intel Celeron N4020 4GB 64GB Tela 11.6"" Prata XE310XBA-KT4BR",4.6,(350),1.820,175
,Notebook ASUS Vivobook I3 8GB 512GB Endless X1500EA-EJ3667,4.6,(245),2.601,250
,Notebook Acer Aspire 5 A515-45-R36L Ryzen 7 15.6 Radeon 512gb 12gb Linux,4.8,(1031),3.299,317
,Notebook Dell G15 5530 Core I7 13650hx 16gb 1tb Ssd Rtx 4050 Cor Cinza,5.0,(1),8.352,802
,Macbook Air 13 Apple M4 8-core Gpu 16gb Ram 256gb Ssd Preto,5.0,(6),8.450,812
,Notebook Dell Latitude Core I5 8ª Ger 16gb Ssd 256gb Windows Cinza (Recondicionado),,,2.299,109
,"Notebook Dell 3420, Tela Full Hd, I5 11ªger, 16gb, Ssd-256gb Cinza (Recondicionado)",,,2.599,123
Por 123 Comprou ,"Notebook Positivo Vision Intel Core i3 8gb RAM 256gb Ssd Tela 15.6"" Full Hd Linux - Preto",4.6,(176),3.212,2.024
Por NegociuN ,"Notebook Vaio Fe15 Amd Ryzen 5 12gb 512gb Ssd, Tela 15,6'' Full Hd Antirreflexo, Windows 11 Home, Cinza Grafite",4.8,(441),3.670,2.984
Por INPOWER ,"Notebook Gamer Acer Nitro V15 - 15.6 144hz Ips, Intel Core I7 13620h (13ª Geração) 4.90ghz, Nvidia Geforce Rtx 3050 6gb Gddr6, 8gb Ram Ddr5, 512gb Ssd Pcie 4.0 Nvme, Áudio Dts, Preto - Anv15-51-7837",5.0,(48),5.899,4.987
,Elitebook Hp 840 G4 8gb Ram I5 8 Geração Ssd 120,,,1.729,82
,"Notebook Dell, Lat 3490, Tela 14'', I5 7a Ger, 8gb, Ssd256gb - Excelente (Recondicionado)",,,1.899,90
,Notebook Dell Latitude 3490 I5 16gb Ssd 240gb Preto (Recondicionado),,,1.649,78
,Notebook Dell Latitude 7280 I7-6600u 8gb/256 Gb Ssd W10 Pro,,,1.549,73
,Notebook Dell E5450 Core I5 5ªg 8gb Ssd 120gb Wifi Hdmi,,,1.510,71
,Notebook Dell Latitude 3490 Core I5 8th Ram 8gb Ssd 256gb,,,1.550,148
Por 123 Comprou ,Notebook Multi Ultra Celeron N4020c 4gb 128gb W11 14'' Cinza,4.6,(606),2.064,1.277
Por Positivo ,"Notebook Positivo Vision C15 Lumina Bar Celeron, 8GB 128GB eMMC, Tela 15.6"" HD Antirreflexo, Windows 11, Tecla Link, Cinza",4.6,(1184),2.641,1.756
Por 123 Comprou ,Notebook Positivo Vision C15 Lumina Bar Celeron 8gb 128gb Emmc 15 Hd Linux - Cinza,3.7,(3),2.427,1.529
,Hp Probook 640 G8 Intel Core I5 1145g7 Quad Core 463n8ec-ak4 - Excelente (Recondicionado),,,2.799,2.267
,Notebook Dell Inspiron 3421 I3 8gb Ssd 256 Tela 14,5.0,(2),1.450,1.377
,Dell Latitude i5-1335U 256 GB Ssd 8 GB Ddr5 Ips Fhd Win11 Pro cinza escuro,,,4.999,480
,Notebook Asus Vivobook 15 Core I3 4gb 256ssd Linux Prata Cor Prateado,4.5,(69),2.166,208
,"Macbook Pro 14 Apple M4 SSD de 16 GB, 512 GB de espaço, cor preta",4.0,(4),12.529,1.204
,Notebook Asus Ar5b125 - Carcaça Preto (Novo com caixa aberta),,,150,
,Asus Expertbook B1 I3-1315u 8gb Ddr5 256gb Fhd Ips Lacrado Cinza,,,2.299,220
,Notebook 2 A.m. Gamer E550 I5 8gb 256gb  Preto Full Hd Preto (Recondicionado),,,1.890,90
,Notebook Lenovo Thinkpad L14 G1 Ryzen 5 8gb 256gb Preto (Recondicionado),,,1.799,85
,Notebook Dell Latitude E5470 I5 8gb Ssd 256gb Tela Touch,,,1.850,1.665
,Notebook Dell Latitude 5290 I5 7th 8gb 256gb Windows 10,,,1.499,83
,Notebook Dell Inspiron 5458 I5 5200u 8gb Ram Ssd 128gb Preto (Recondicionado),,,1.309,72
,Notebook Lenovo B490 I5 8gb Ssd 240gb Win 11 - 12x Sem Juros,5.0,(1),1.290,1.225
,Notebook Hp 250 G8 Core I5 10th Ssd 240. Últimas Peças!,,,2.352,226
Por Dell ,"Notebook Dell Inspiron 15 Intel Core i7 - 1355U (13ª Geração), 16GB RAM, 1TB SSD, Windows 11 Home, Tela 15,6"" Full HD - I15-I1300-M80P",4.6,(5),5.169,246
Por Dell ,"Notebook Dell Inspiron 15 Intel Core i5 - 1334U 13 Geração 8GB RAM 512GB SSD Linux Tela 15,6"" Full HD I15-I1300-U30P",4.6,(36),3.149,149
Por Dell ,Notebook Dell Inspiron i15-i1300-M30P 15.6 Full HD de 13ª geração 8GB de RAM 512GB SSD cor Preto,4.9,(44),3.479,3.199
,HP Envy X360 2 em 1 Core i5 120u 14 Tac 8gb Ram 512gb Ssd Silver Color,5.0,(1),4.599,219
Por Dell ,Notebook Dell Inspiron I15-i1300-m60p 15.6  Full Hd 13ª Gen  Preto,5.0,(30),4.729,4.399
Por Dell ,Notebook Dell Inspiron 15.6  Full Hd Intel Core 3-100u 8gb 5 Preto,,,3.119,2.899
Por Dell ,Notebook 2 Em 1 Dell Inspiron 2in1-i150u-m50 14  Fhd+ Touch  Prata Gelo,4.9,(14),7.019,6.499
Por Dell ,Notebook Dell Inspiron I15-i1300-u60p 15.6  Full Hd 13ª Gen  Preto,4.9,(46),4.409,4.099
Por Dell ,Notebook Dell 15.6  Fhd Intel I7 16gb 1tb Ssd W11 Preto,,,5.169,246
Por Dell ,Notebook Dell Intel Core 3-100u 8gb 1tb Ssd Win 11 - 15.6'' Preto,,,3.549,3.299
Por Dell ,Notebook Dell Inspiron I15-i1300-m40p 15.6  Full Hd 13ª Gen  Preto,5.0,(5),4.299,3.999
Por Dell ,Notebook 2 Em 1 Dell Inspiron 2in1-i1300-m30 14  Fhd+ Touch  Prata Gelo,4.9,(9),6.149,5.699
Por Dell ,Notebook Gamer Dell G15-i1300-u65p 15.6  Fhd 13ª Geração Int Preto,4.8,(30),7.109,6.599
,Notebook HP 15-fd0023dx 15.6 Fhd Touch de 256 GB/8 GB I3 W11 - prata,4.7,(3),3.359,159
,"Asus Vivobook Flip 16 Ci5-1335U, 8 GB, 512 GB Ssd Touch W11 Midnight Black Color",,,5.299,252
,Notebook Dell Latitude 3490 Core I7-8550 16gb Ram 240gb Ssd,,,2.839,135
,Notebook Dell Inspiron 5490 I7-10510u 16gb Ssd 256gb Nvidia Prateado (Recondicionado),,,2.389,2.269
,"Notebook gamer G15 I1300 15.6"" preto 32GB de Ram - 1.024TB SSD - Intel Core i5",5.0,(9),7.984,380
Por zShops ,"Notebook Lenovo Ideapad 1 Celeron 4gb 128gb Ssd 15,6 W11 Cor Cinza",4.7,(3023),1.999,192
,Notebook Acer Aspire 5 15.6 FHD 512 gb/12 gb Ram i5-1245H W11H cinza,,,3.999,190
,Notebook Dell Latitude Core I7 8ª Ger Ssd 240gb Ram 8gb,5.0,(2),2.699,128
,Notebook Lenovo Thinkbook 14 G6 Core I7-13700h 48gb 512 Ssd,4.8,(6),5.999,4.499
,"MacBook Pro A2141 16"" cinza-espacial 1TB SSD - Intel Core i9 - Excelente (Recondicionado)",,,6.999,6.649
,Notebook Dell Latitude 5400 Ci7 8665u 8va Ram 32gb Ssd 512gb Cor Preto,4.2,(69),3.999,190
,Notebook Asus X515jf-ej153t Core I5 10ª Geração 8gb 256gb,,,2.699,128
,Notebook Dell Latitude 5420 I5 16gb Ssd 256gb Windows 11,,,3.199,152
,"Notebook Dell Latitude 3550 Full HD Intel Core i5-1335U de 16 GB 512 ssd Windows 11 Pro de 15,6 polegadas, cor cinza",,,7.100,338
Por Vikings ,Notebook Lenovo Ideapad 1i Celeron Office 365 4gb 128gb W11 - Excelente (Recondicionado),,,1.499,83
Por 123 Comprou ,"Notebook Positivo Vision Intel Core i3 8gb RAM 256gb Ssd Tela 15.6"" Full Hd Linux - Preto",4.6,(176),3.212,2.024
Por NegociuN ,"Notebook Vaio Fe15 Amd Ryzen 5 12gb 512gb Ssd, Tela 15,6'' Full Hd Antirreflexo, Windows 11 Home, Cinza Grafite",4.8,(441),3.670,2.984
Por INPOWER ,"Notebook Gamer Acer Nitro V15 - 15.6 144hz Ips, Intel Core I7 13620h (13ª Geração) 4.90ghz, Nvidia Geforce Rtx 3050 6gb Gddr6, 8gb Ram Ddr5, 512gb Ssd Pcie 4.0 Nvme, Áudio Dts, Preto - Anv15-51-7837",5.0,(48),5.899,4.987
,Notebook Hp Elitebook 840 G7 Core I5 10° 16gb Ssd 256gb Nvme,4.6,(23),2.589,123
Por OTH Produtos ,"Note Dell, Vostro 3480, 14'', Core I5, 8°ger, 8gb, Ssd-240gb Preto (Recondicionado)",,,1.790,85
,"Notebook ASUS Vivobook 15 X1500EA Intel Pentium Gold 7505 4Gb Ram 128Gb Ssd Windows 11 Home + Microsoft 365 Personal por 1 Ano Tela 15,6"" FHD Indie Black - EJ4242WS",4.5,(61),2.490,2.340
,Notebook Hp Elitebook 830 G5 I5 8 Gen 16gb 256gb Ssd Prata,,,2.099,1.994
,Notebook Lenovo V14 G4 Amd Ryzen 5 7520u 8gb 256gb Dos 14,4.1,(7),4.910,4.222
,Notebook Dell Core I5 8265u 16gb 240gb Ssd 15pol Win 11,4.3,(3),2.899,138
Por 123 Comprou ,Notebook Multi Ultra Celeron N4020c 4gb 128gb W11 14'' Cinza,4.6,(606),2.064,1.277
Por Positivo ,"Notebook Positivo Vision C15 Lumina Bar Celeron, 8GB 128GB eMMC, Tela 15.6"" HD Antirreflexo, Windows 11, Tecla Link, Cinza",4.6,(1184),2.641,1.756
Por 123 Comprou ,Notebook Positivo Vision C15 Lumina Bar Celeron 8gb 128gb Emmc 15 Hd Linux - Cinza,3.7,(3),2.427,1.529
,Dell Notebook Core I5 8th 16gb Ssd Win11 Pro Latitude 5400 Cor Cinza-escuro,4.2,(69),2.999,142
,"Notebook Inspiron 3520 15.6"" negro 8GB de Ram - 256GB SSD - Intel Core i5",4.4,(29),3.775,179
Por Vikings ,"Notebook Lenovo Ideapad 1i Intel Core I3 - 1215U, 4GB RAM, 256GB SSD, Windows 11 Home, Tela 15.6'' - 82VY000TBR Cor cinza - Excelente (Recondicionado)",,,2.199,104
,"Notebook Dell Inspiron 5440 Core I7 de 14 polegadas, 16 GB de RAM, SSD de 512 GB, cinza",5.0,(3),6.487,308
Por Eshop ,Notebook Lenovo Ideapad 1i I5 1235u 8gb 512gb Ssd Win11 Home,5.0,(2),3.959,3.210
,Notebook Microsoft Surface Laptop 3 I5 8gb 256gb,,,3.136,149
Por HP ,Notebook Hp 256r G9 Ci5 Intel Uhd256gb Ssd 8gb W11+mochila,,,4.755,3.134
Por Dell ,Notebook Dell Inspiron I15-i1300-m70ps 15.6  Full Hd 13ªgen  Preto,5.0,(3),4.989,4.649
,"Notebook Latitude 5490 14"" preto 256GB SSD - Intel Core i5 - Excelente (Recondicionado)",,,2.599,1.689
,"Notebook Asus X515ka Celeron W11 15,6 128gb Cinza 4gb Ram",,,2.029,1.918
Por Micro Livre ,Notebook Dell Latitude 3420 I5 11th Com 16gb 512gb - Excelente (Recondicionado),,,2.771,131
,Notebook Gamer Acer Nitro V15 I5-13420h 512gb 8gb Rtx 3050 Cor Preto,,,4.999,4.699
Por Foka Ofertas ,"Notebook Dell Latitude 3550 15,6 Intel I7 8gb 512gb W11pro",5.0,(1),6.999,333
,Notebook Dell Latitude 3410 Core I7 10ger 16gb 500gb Ssd,,,3.299,157
,Notebook Lenovo T490 Core I5-8365u 1.6ghz 16gb Ssd 256gb 14,5.0,(1),1.899,90
,"Notebook ThinkPad E14 14"" black 16GB de Ram 256GB SSD Intel Core i5 - Excelente (Recondicionado)",,,3.199,152
,Chromebook Acer Co731-c6nn Celeron 4gb 32 Emmc,5.0,(2),1.470,81
Por Dell ,Notebook Dell Inspiron I14-i120u-m20 14  Fhd+ Intel® Core 5 Prata Gelo,4.4,(7),5.399,4.999
,Notebook Dell Latitude E5470 I5 6th 8gb Ddr4 Ssd 256gb Preto (Recondicionado),4.0,(1),1.799,85
,P Caderno De Escrita Em Couro Sintético Para Estudantes,,,60,12
Por DLH Tec ,Notebook Lenovo Core I5 8gb 250gb Hd Revisado Com Garantia Preto (Recondicionado),,,800,44
,Netbook Hp Pavilion Dm1 Preto E Prata (Recondicionado),,,510,49
Por OTH Produtos ,"Note Lenovo, Ideapad 1, Core I5 12th, 16gb, Ssd-512gb Prateado (Recondicionado)",,,2.840,273
Por 4Show ,Notebook Vaio I3 7geração Hd 1tb Ram 16gb 15.6',5.0,(3),1.989,94
,Notebook Dell Latitude 5440 Core I7 16 GB 512 GB 14 Fhd Nnet,5.0,(1),6.044,287
,Dell Notebook Core I5 8th 32gb Ssd 1tb Win11 Latitude 5400 Cinza (Recondicionado),,,3.399,161
,Notebook Lenovo V14 G4 Intel Core I3 8gb 256gb Ssd Linux 14,,,2.806,133
Por Vaio ,"Notebook VAIO FE15 AMD Ryzen 7 32GB 512GB SSD Tela 15,6'' Full HD Antirreflexo Linux Cor Cinza Grafite VJFE59F11X-B1011H",4.8,(546),4.599,3.955
Por Positivo ,Notebook Positivo Vision C14 Celeron Linux 8gb 256gb Emmc,4.8,(40),2.199,1.599
,Notebook Lenovo V14 G4 Intel Core i5 8gb 256gb Ssd W11 14 83GK000KBR,5.0,(2),4.999,238
,"Notebook Lenovo, T490, 14, Core I5 8ªth, 16gb, Ssd-256gb",5.0,(1),2.879,137
,(faço Por R$ 4690) Notebook Xiaomi Redmibook 14' 2025,,,5.590,266
,Notebook Lenovo V14 Intel Core i5 8gb 256gb Linux 14 82uls00200 Preto,4.7,(6),2.968,141
,"Suporte Para Tablet Regulável E Desdobrável,",5.0,(1),140,35
,Notebook Asus Vivobook S14 Oled Core Ultra 7 16gb 512ssd W11,5.0,(1),6.399,304
Por Asus ,Notebook Asus Zenbook Snapdragon X1 26 100 32gb Ram 1tb W11 Zabriskie Beige,5.0,(2),9.999,9.119
,Notebook Hp 240 G6 Intel Core I5 7200u 8gb Ssd 240 Gb Nfe,,,1.599,1.519
,Notebook Dell Latitude 3490 I5 7ger 16gb Ssd 240gb Preto (Recondicionado),,,1.800,1.710
,Notebook Dell Latitude 5400 Intel Core I7 8ªger 8gb 256gb Cor Preto - Excelente (Recondicionado),,,1.950,92
,Notebook Lenovo Thinkpad T440s I5 8gb Ssd Teclado Com Led Cor Preto - Excelente (Recondicionado),,,1.300,72
,Notebook Dell I5 6a Ger 6200u 16gb Ddr4/ Ssd E Garantia + Nf Preto (Recondicionado),3.7,(3),1.549,73
Por OTH Produtos ,"Macbook Pro 2017, Tela 13.3'', Core I7, 16gb, Ssd-128gb Prateado (Recondicionado)",,,3.600,346
